Experian Data Pixel/Lijit merge pixel ct3 247  ,https://d.turn.com/r/dd/id/L21rdC84MTYvY2lkLzI4NTk1MzkzL3QvMg/kv/puid=
IntentIQ CT 250 Hash,https://pe.intentiq.com/profiles_engine/ProfilesEngineServlet?at=2&mi=10&dpt=
Mediawallah CT3 251 Hash,https://d3ir0rz7vxwgq5.cloudfront.net/mwData.min.js
Throtle io CT3 252 Hash,https://thrtle.com/2002?
Arbor_io CT3 254 Hash ,https://pippio.com/api/sync?pid=1286
Bombora Pixel CT3 255,https://ml314.com/tag.aspx?
33Across cookie sync CT3 257,https://cdn.tynt.com/ids.js
Lotame Data Pixel CT3 261,https://bcp.crwdcntrl.net/5/c=5436/tp=SVRN/tpid=
sharethis CT3 266,https://pd.sharethis.com/pd/sovrn
deluxe CT3 278,https://deluxe.script.ag/tag.js#site=0M6ZVb2
CogoLabs Cookie Sync CT3 305,https://tag.apxlv.com/tag/partner/213?id=
Cross PIxel Plan It pixel CT3 310,https://tag.crsspxl.com/c.gif?t=50288&r=https%3A%2F%2Fce.lijit.com%2Fmerge%3Fpid%3D5110%263pid%3D%5BUID%5D
ALC CT3 318 Hash,https://scanvig.com/wp/173/186/2365.gif?gid=
Traverse lc CT3 337 Hash,https://api.traversedlp.com/v1/a3e0653e-986a-4edf-ae9c-f8ee50d26011/0.gif?emailMd5Lower=
Traverse lc[1] CT3 338 Hash,https://api.traversedlp.com/v1/a3e0653e-986a-4edf-ae9c-f8ee50d26011/1.gif?emailMd5Lower=
Traverse lc[2] CT3 339 Hash,https://api.traversedlp.com/v1/a3e0653e-986a-4edf-ae9c-f8ee50d26011/2.gif?emailMd5Lower=
Traverse lc[3] CT3 340 Hash,https://api.traversedlp.com/v1/a3e0653e-986a-4edf-ae9c-f8ee50d26011/4.gif?emailMd5Lower=
Traverse lc[4] CT3  341 Hash,https://api.traversedlp.com/v1/a3e0653e-986a-4edf-ae9c-f8ee50d26011/4.gif?emailMd5Lower=
Traverse lc[5] CT3 342 Hash,https://api.traversedlp.com/v1/a3e0653e-986a-4edf-ae9c-f8ee50d26011/4.gif?emailMd5Lower=
Captify CT3 366,https://p.cpx.to/p/11724/px.js
4cite Cookie Sync CT3 367,https://track2.securedvisit.com/sync/1540_03681?id=
drawbridge  CT3 370,https://p.adsymptotic.com/d/px/?_pid=15697&_psign=0a885fb568701ac53478d88866a10345&_pu
Neustar Pixel CT3 385,https://aa.agkn.com/adscores/g.pixel?sid=9212274088
Eyeota Sync Pixel CT3 386,https://ps.eyeota.net/pixel?pid=51md42u&t=ajs&uid=
OwnerIQ Web Data Pixel Integration CT3 391,"https://px.owneriq.net/stas/s/1jhay8.js';var s = document.getElementsByTagName('script')[0]; s.parentNode.insertBefore(oiq, s);})();"
Captify Pixel CT3 394,https://cm.g.doubleclick.net/pixel?google_nid=captify_dmp&google_cm&pid=11724&ref=REF_URL_ENCODED
OwnerIQ CT3 406 Hash,https://px.owneriq.net/j?pt=1jhay8&s=
MRG Sync Pixel CT3 411,https://s.btstatic.com/tag.js#site=9StF3yU
IntentIQ PID 5004 CT3 416 Hash,http://api.intentiq.com/profiles_engine/ProfilesEngineServlet?at=2&mi=10&dpi=1273068873&pt=1&dpn=2250&dpt=
IntentIQ PID 5193 CT3 418 Hash,https://api.intentiq.com/profiles_engine/ProfilesEngineServlet?at=2&mi=10&dpi=254158957&pt=1&dpn=2253&dpt=
Datalogix Pixel CT3 419,https://e.dlx.addthis.com/e/a-1281/s-2329?ret=img
Weborama Pixel for ID CT3 422,https://dx.bigsea.weborama.com/collect?dsp_id=5
Arbor io CT 18 125 Hash,https://pippio.com/api/sync?pid=1286
IntentIQ CT18 130 Hash,https://pe.intentiq.com/profiles_engine/ProfilesEngineServlet?at=2&mi=10&dpt=
Throtle io CT18 133 Hash,https://thrtle.com/2002?
Bombora Pixel CT18 138,https://ml314.com/tag.aspx?
33Across cookie sync CT18 151,https://ce.lijit.com/merge?pid=5176&3pid=1
Cogo Cookie Sync CT18 174,https://tag.apxlv.com/tag/partner/213?id=
Mediawallah CT18 185 Hash ,https://d3ir0rz7vxwgq5.cloudfront.net/mwData.min.js
Captify CT18 209,https://p.cpx.to/p/11724/px.js
CrossPIxel Plan it Pixel CT18 211,https://tag.crsspxl.com/c.gif?t=50288&r=https%3A%2F%2Fce.lijit.com%2Fmerge%3Fpid%3D5110%263pid%3D%5BUID%5D
Cross Pixel Real Estate CT18 214,https://tag.crsspxl.com/s1.js?d=2547&cb=
Cross Pixel Auto Interest CT18 215,https://tag.crsspxl.com/s1.js?d=2540&cb=
Cross Pixel Auto Intent CT18 219,https://tag.crsspxl.com/s1.js?d=2542&cb=
Cross Pixel Finance CT18 227,https://tag.crsspxl.com/s1.js?d=2548&cb=
Cross Pixel Motorcycle CT18 228,https://tag.crsspxl.com/s1.js?d=2543&cb=
Cross Pixel Outdoors CT18 229,https://tag.crsspxl.com/s1.js?d=2544&cb=
Cross Pixel Skiing CT18 230,https://tag.crsspxl.com/s1.js?d=2545&cb=
Cross Pixel Travel CT18 231,https://tag.crsspxl.com/s1.js?d=2541&cb=
Cross Pixel Water Sports CT18 232,https://tag.crsspxl.com/s1.js?d=2546&cb=
Lotame Data Pixel CT18 234,https://bcp.crwdcntrl.net/5/c=5436/tp=SVRN/tpid=
BlueCava Updated Pixel CT18 239,https://sync.graph.bluecava.com/ds.png?p=95b767e8-0bec-4fdb-a4d3-bc8ce01a08cd&segment=66afeee89497e411a7020050569b1b56&uid=
4cite Cookie Sync CT18 248,https://track2.securedvisit.com/sync/1540_03681?id=
sharethis CT18 265,https://pd.sharethis.com/pd/sovrn
deluxe CT18 277,https://deluxe.script.ag/tag.js#site=0M6ZVb2
Traverse lc CT18 331 Hash,https://api.traversedlp.com/v1/a3e0653e-986a-4edf-ae9c-f8ee50d26011/0.gif?emailMd5Lower=
Traverse lc[1] CT18 332 Hash,https://api.traversedlp.com/v1/a3e0653e-986a-4edf-ae9c-f8ee50d26011/1.gif?emailMd5Lower=
Traverse lc[2] CT18 333 Hash,https://api.traversedlp.com/v1/a3e0653e-986a-4edf-ae9c-f8ee50d26011/2.gif?emailMd5Lower=' + lc_md5 + '&emailSha1Lower=
Traverse lc[3] CT18 334 Hash,https://api.traversedlp.com/v1/a3e0653e-986a-4edf-ae9c-f8ee50d26011/3.gif?emailMd5Lower=
Traverse lc[4] CT18 335 Hash,https://api.traversedlp.com/v1/a3e0653e-986a-4edf-ae9c-f8ee50d26011/4.gif?emailMd5Lower=
Traverse lc[5] CT18 336 Hash ,https://api.traversedlp.com/v1/a3e0653e-986a-4edf-ae9c-f8ee50d26011/5.gif?emailMd5Lower=
drawbridge CT18 369,https://p.adsymptotic.com/d/px/?_pid=15697&_psign=0a885fb568701ac53478d88866a10345&_pu
LiveRamp Recookier CT18 380,https://rc.rlcdn.com/450356.html
Datalogix CT18 381,https://e.dlx.addthis.com/e/a-1281/s-2329?ret=img
Neustar Pixel CT18 383,https://aa.agkn.com/adscores/g.pixel?sid=9212274088
OwnerIQ Web Data Pixel Integration CT18 389 ,https://px.owneriq.net/stas/s/1jhay8.js
Captify Pixel CT18 396 ,https://cm.g.doubleclick.net/pixel?google_nid=captify_dmp&google_cm&pid=11724&ref=REF_URL_ENCODEDs
OwnerIQ CT18 408 Hash,https://px.owneriq.net/j?pt=1jhay8&s=
MRG Sync Pixel CT18 413,https://s.btstatic.com/tag.js#site=9StF3yU
Fanserv (Krux control tag) CT18 414,https://cdn.krxd.net/controltag/sqm3qwc0y.js
IntentIQ PID 5004 CT18 415 Hash,https://api.intentiq.com/profiles_engine/ProfilesEngineServlet
IntentIQ PID 5193 CT18 417 Hash,https://api.intentiq.com/profiles_engine/ProfilesEngineServlet?at=2&mi=10&dpi=254158957&pt=1&dpn=2253&dpt=
Weborama Pixel for ID CT18 421,https://dx.bigsea.weborama.com/collect?dsp_id=5